Pulire Camera;The project Pulire Camera  has not any Action
Prepararmi Prepper;The project Prepararmi Prepper  has not any Action
Levare Libri Inutili;The project Levare Libri Inutili  has not any Action
Organizzare Dati Del Pc;The project Organizzare Dati Del Pc  has not any Action
Controllare Le Pile Che Ho;The project Controllare Le Pile Che Ho  has not any Action
Liberare Ingresso Ripostiglio;The project Liberare Ingresso Ripostiglio  has not any Action
Vestirmi Elegante;The project Vestirmi Elegante  has not any Action
Pulire Cucina;The project Pulire Cucina  has not any Action
Pulire Soggiorno;The project Pulire Soggiorno  has not any Action
Comprare Cibo Per Casa;The project Comprare Cibo Per Casa  has not any Action
Comprare Roba Militare Da Martini Sui Navigli;The project Comprare Roba Militare Da Martini Sui Navigli  has not any Action
Emigrare;The project Emigrare  has not any Action
Visitare Ristoranti;The project Visitare Ristoranti  has not any Action
Pulire Posta Gmail;The project Pulire Posta Gmail  has not any Action
Lavorare Con Pyspark;The project Lavorare Con Pyspark  has not any Action
Pubblicare Articolo Isipm;The project Pubblicare Articolo Isipm  has not any Action
Leggere Paper Su Informatica Teorica;The project Leggere Paper Su Informatica Teorica  has not any Action
Rilasciare Applicativi Python Su Hosting;The project Rilasciare Applicativi Python Su Hosting  has not any Action
Rilasciare Applicativi Java Su Hosting;The project Rilasciare Applicativi Java Su Hosting  has not any Action
Lavorare Come Data Engineer;The project Lavorare Come Data Engineer  has not any Action
Superare Esame Di Stato Da Ingegnere;The project Superare Esame Di Stato Da Ingegnere  has not any Action
Diventare Dpo;The project Diventare Dpo  has not any Action
Aggiornare Cv;The project Aggiornare Cv  has not any Action
Presentarmi Ai Colloqui Di Lavoro;The project Presentarmi Ai Colloqui Di Lavoro  has not any Action
Studiare Corso Excel Su Udemy;The project Studiare Corso Excel Su Udemy  has not any Action
Scrivere Articolo Ieee;The project Scrivere Articolo Ieee  has not any Action
Consegnare Carta Tribunale;The project Consegnare Carta Tribunale  has not any Action
Portare Vestiti Nuovi A Mamma;The project Portare Vestiti Nuovi A Mamma  has not any Action
Gestire Posta Di Leopoldo;The project Gestire Posta Di Leopoldo  has not any Action
Fare Servizio Seguimi;The project Fare Servizio Seguimi  has not any Action
Amministrare Beni Di Famiglia;The project Amministrare Beni Di Famiglia  has not any Action
Scendere A Cetraro;The project Scendere A Cetraro  has not any Action
Vendere Case Di Cetraro;The project Vendere Case Di Cetraro  has not any Action
Ospitare Leopoldo Con Bambini;The project Ospitare Leopoldo Con Bambini  has not any Action
Chiedere Rimborso Inps Per Mamma;The project Chiedere Rimborso Inps Per Mamma  has not any Action
Inviare Doc Della Dichiarazione Redditi Miei E Di Mamma;The project Inviare Doc Della Dichiarazione Redditi Miei E Di Mamma  has not any Action
Trovare Ragazza;The project Trovare Ragazza  has not any Action
Curare La Salute;The project Curare La Salute  has not any Action
Pianificare Esercizi Fisici;The project Pianificare Esercizi Fisici  has not any Action
Fare Calistenics;The project Fare Calistenics  has not any Action
Fare Faalaev;The project Fare Faalaev  has not any Action
Vedere Se Ho Epatite;The project Vedere Se Ho Epatite  has not any Action
Avere Farmaci A Casa;The project Avere Farmaci A Casa  has not any Action
Seguire Psicologa;The project Seguire Psicologa  has not any Action
Fare Sport;The project Fare Sport  has not any Action
Praticare Spirito;The project Praticare Spirito  has not any Action
Diminuire Di Peso;The project Diminuire Di Peso  has not any Action
Curare Salute;The project Curare Salute  has not any Action
Imparare Windsurf In Un Lago;The project Imparare Windsurf In Un Lago  has not any Action
Scaricare Corsi Di Carmelo Torre;The project Scaricare Corsi Di Carmelo Torre  has not any Action
Scaricare Corso Di Carmelo Torre Sul Pensiero Razionale;The project Scaricare Corso Di Carmelo Torre Sul Pensiero Razionale  has not any Action
Aprire Attività Imprenditoriale;The project Aprire Attività Imprenditoriale  has not any Action
Usare Bitcoin;The project Usare Bitcoin  has not any Action
Recuperare Investimento Miniera;The project Recuperare Investimento Miniera  has not any Action
Ricaricare Conto N26;The project Ricaricare Conto N26  has not any Action
Pianificare Alla Lixi;The project Pianificare Alla Lixi  has not any Action
Fare Microstock;The project Fare Microstock  has not any Action
Scrivere What If Dei Libri Fantasy E Fantascienza;The project Scrivere What If Dei Libri Fantasy E Fantascienza  has not any Action
Disegnare;The project Disegnare  has not any Action
Leggere Libro Di Vigna Sul Brigantaggio;The project Leggere Libro Di Vigna Sul Brigantaggio  has not any Action
Viaggiare;The project Viaggiare  has not any Action
Vedere Musei Nel Fine Settimana;The project Vedere Musei Nel Fine Settimana  has not any Action
Fare Filatelia;The project Fare Filatelia  has not any Action
Fare Numismatica;The project Fare Numismatica  has not any Action
Fare Scripofilia;The project Fare Scripofilia  has not any Action
Migliorare Francese;The project Migliorare Francese  has not any Action
Imparare La Lingua Turca;The project Imparare La Lingua Turca  has not any Action
Imparare A Ballare;The project Imparare A Ballare  has not any Action
